t,x,y,z
0.0,1.0,1.0,1.0
0.02002002002002002,1.0491261215248837,1.5253236794634994,0.9731952840073521
0.04004004004004004,1.1878132454844765,2.0904019134793197,0.9619104522187121
0.06006006006006006,1.4111693585582918,2.741518795462089,0.973017539606594
0.08008008008008008,1.7234244525138052,3.522595347993542,1.0180484064290523
0.10010010010010009,2.136563557432644,4.478916428010444,1.1155352732811468
0.12012012012012012,2.6688201037198063,5.661479568292329,1.2953573170101762
0.14014014014014015,3.34452968978492,7.125914007496231,1.603355675354091
0.16016016016016016,4.194237330204137,8.931098706960482,2.109815508534989
0.18018018018018017,5.253684931660261,11.132272503721646,2.924142035148814
0.20020020020020018,6.560198549199815,13.763842410452881,4.206430676752408
0.22022022022022023,8.146252336275602,16.807108612633332,6.180362707665708
0.24024024024024024,10.025810565900148,20.13332019327649,9.134256686289316
0.2602602602602603,12.169416304177254,23.417540267588095,13.3808712535059
0.2802802802802803,14.469485244698404,26.060784157473858,19.132434259542784
0.3003003003003003,16.704840504934108,27.194228136291564,26.280136418921167
0.3203203203203203,18.526791384567456,25.891324500992525,34.11955634725603
0.34034034034034033,19.51517898150399,21.677173175172364,41.27789924454891
0.36036036036036034,19.323865848676675,15.070191512327332,46.196522361319246
0.38038038038038036,17.855603538923294,7.586021251559367,47.9452080921332
0.40040040040040037,15.348443750611823,0.9494107824575312,46.82114205945204
0.42042042042042044,12.253822348481451,-3.8746524332610495,43.96706425359075
0.44044044044044045,9.025524661240325,-6.82045800458803,40.557346055035076
0.46046046046046046,5.9925282368236505,-8.317779514422545,37.339110514598566
0.4804804804804805,3.332392874122724,-8.891098743137482,34.62203575098629
0.5005005005005005,1.104049796220652,-8.959619309739939,32.44610613520875
0.5205205205205206,-0.7083460525645949,-8.798934606609926,30.732731281987572
0.5405405405405406,-2.1549149705960584,-8.568924593027223,29.382703975021133
0.5605605605605606,-3.298162788893607,-8.356211804162216,28.3088393811402
0.5805805805805806,-4.199117619477151,-8.200565997833317,27.446809068151197
0.6006006006006006,-4.915894152304761,-8.120983037754163,26.74798352855693
0.6206206206206206,-5.495723180662533,-8.119798368531566,26.18353558054733
0.6406406406406406,-5.977253004036531,-8.192332521247533,25.73571703210656
0.6606606606606606,-6.390569096547609,-8.32963117824367,25.394757220677032
0.6806806806806807,-6.758997462333667,-8.520510623367787,25.155353748902943
0.7007007007007007,-7.099518113082132,-8.752650023845016,25.01472194155317
0.7207207207207207,-7.423685934408973,-9.012563819221441,24.97195992563543
0.7407407407407407,-7.737354166392592,-9.285437985909335,25.026011874939794
0.7607607607607607,-8.043495751014731,-9.555594890455469,25.174256108807214
0.7807807807807807,-8.34187539768396,-9.806548435750807,25.412246421119985
0.8008008008008007,-8.629321215285884,-10.021864537628028,25.731256743102414
0.8208208208208209,-8.898767859445032,-10.184334372427697,26.12006852103708
0.8408408408408409,-9.14292169077085,-10.280349816551551,26.56272951902919
0.8608608608608609,-9.352969824585035,-10.298806369848446,27.038691670305923
0.8808808808808809,-9.519149260191098,-10.231497966826916,27.524351558286646
0.9009009009009009,-9.63547118898578,-10.077641646723775,27.993732637001315
0.9209209209209209,-9.694918748186414,-9.83960724961787,28.41831345546002
0.9409409409409409,-9.694725404170892,-9.529639952188989,28.77618137474988
0.960960960960961,-9.633461597139847,-9.16554844760773,29.04509149420125
0.980980980980981,-9.513596051676325,-8.767146696502667,29.21171356699824
1.001001001001001,-9.341206917239116,-8.357548045783787,29.270197603070756
1.021021021021021,-9.125556896004639,-7.961798372126218,29.21904824947289
1.0410410410410411,-8.879673117156663,-7.598498840588913,29.065022104449245
1.0610610610610611,-8.616829840317868,-7.282807055578377,28.82226056889462
1.0810810810810811,-8.349681046867637,-7.025607087348979,28.50600769768462
1.1011011011011012,-8.091530597228285,-6.833590522008987,28.135386605763347
1.1211211211211212,-7.851569698334187,-6.708631086702677,27.725852446179523
1.1411411411411412,-7.638661592038199,-6.650377567299837,27.29409027284866
1.1611611611611612,-7.459773370412606,-6.656332206903451,26.855717343302572
1.1811811811811812,-7.320049760200627,-6.722309160080721,26.42589720127162
1.2012012012012012,-7.222834952056721,-6.844360978479689,26.016508777949454
1.2212212212212212,-7.169799731513686,-7.016975655281791,25.63977012521517
1.2412412412412412,-7.162034531403412,-7.236037218038497,25.304609396955097
1.2612612612612613,-7.1987718527309905,-7.494253197903024,25.023510194923333
1.2812812812812813,-7.279363271220011,-7.787797580667196,24.802562212671294
1.3013013013013013,-7.400985583642955,-8.108592028228935,24.65190222372233
1.3213213213213213,-7.560361444027357,-8.448474501448727,24.578763457340497
1.3413413413413413,-7.753622853293138,-8.798541455896114,24.589035990618598
1.3613613613613613,-7.975122469338455,-9.14696434601427,24.687158920179648
1.3813813813813813,-8.219595351291243,-9.483807545085572,24.872757252916507
1.4014014014014013,-8.47793135264356,-9.79144197148819,25.14698862384071
1.4214214214214214,-8.740646859887963,-10.053897443476552,25.504667852130947
1.4414414414414414,-8.997365310325568,-10.256345465066213,25.93261941177281
1.4614614614614614,-9.237649806412595,-10.384387532820302,26.417932768677513
1.4814814814814814,-9.449681309501381,-10.426283036618111,26.937361499480634
1.5015015015015014,-9.622454603496442,-10.371623333301482,27.46999009974863
1.5215215215215214,-9.746372985115125,-10.222667406136802,27.98550308018582
1.5415415415415414,-9.811633681564869,-9.979884248670425,28.45519864638534
1.5615615615615615,-9.812802604659197,-9.656430339812195,28.852095244553226
1.5815815815815815,-9.749553508526846,-9.27236223029871,29.155498384960286
1.6016016016016015,-9.624659245102976,-8.849956561694732,29.35037035035531
1.6216216216216217,-9.443497412313642,-8.409419890258038,29.430434143830816
1.6416416416416417,-9.216237733320838,-7.976838663304803,29.395227664377167
1.6616616616616617,-8.954250769510042,-7.578903622841403,29.245721945525112
1.6816816816816818,-8.671575212080947,-7.228926610346352,28.999602289139755
1.7017017017017018,-8.38151947385952,-6.941114989171586,28.671047495878376
1.7217217217217218,-8.097817037493325,-6.722352584976263,28.27864060219388
1.7417417417417418,-7.832649790566056,-6.577892188281539,27.84021599493145
1.7617617617617618,-7.595890299646451,-6.505521167001284,27.375308917754847
1.7817817817817818,-7.396002608102014,-6.503628669648586,26.901214914173607
1.8018018018018018,-7.238307205138276,-6.567296086939431,26.433183362416088
1.8218218218218218,-7.12690800431969,-6.691859927867162,25.985518257626914
1.8418418418418419,-7.063742540485225,-6.871667153136405,25.57098856427859
1.8618618618618619,-7.0495532490443535,-7.101206191711408,25.201246907871948
1.8818818818818819,-7.083902207830819,-7.374768722900514,24.88697089118869
1.901901901901902,-7.1652076049665645,-7.686009607093623,24.63793778394988
1.921921921921922,-7.291236916879224,-8.02818932537402,24.463354878681102
1.941941941941942,-7.457633817094847,-8.391707489077488,24.369982309977026
1.961961961961962,-7.660355108203861,-8.767338944829358,24.364923651198602
1.981981981981982,-7.89552993233768,-9.145983836128554,24.45526763814312
2.002002002002002,-8.15427425360511,-9.511377660806989,24.63970033546889
2.022022022022022,-8.428426062339671,-9.848287809447854,24.918118008009174
2.042042042042042,-8.710525186327152,-10.142647644435163,25.290777782994507
2.062062062062062,-8.989265002612141,-10.377038664694883,25.740751948315232
2.0820820820820822,-9.253966889548222,-10.534589620315382,26.2539185216959
2.1021021021021022,-9.4943690014168,-10.599896002643565,26.817767010928037
2.1221221221221223,-9.696417230756774,-10.56771215345764,27.39978750643475
2.1421421421421423,-9.846747163539641,-10.430944838366004,27.97110736519699
2.1621621621621623,-9.93279983974738,-10.182767501424427,28.5043544515135
2.1821821821821823,-9.947156063180259,-9.83823922210164,28.9612142246347
2.2022022022022023,-9.889371654054711,-9.42091593062575,29.316287780425377
2.2222222222222223,-9.762242576560928,-8.956901747351324,29.5517222618982
2.2422422422422423,-9.571284612414315,-8.467874536707575,29.660859078967356
2.2622622622622623,-9.327257219850855,-7.986662810787827,29.639383583589808
2.2822822822822824,-9.042593066729133,-7.540883296966818,29.49033259008414
2.3023023023023024,-8.733008946041721,-7.147593119112956,29.232480196730624
2.3223223223223224,-8.413444047098984,-6.822046757625588,28.88200914994323
2.3423423423423424,-8.099486367505056,-6.573391703507606,28.45927630875124
2.3623623623623624,-7.804360290026598,-6.4056634652222195,27.984660885068248
2.3823823823823824,-7.539859195202615,-6.317351627984422,27.479916764728944
2.4024024024024024,-7.314592204115887,-6.305453417506601,26.963366813406044
2.4224224224224224,-7.1351712447668865,-6.3647571071379625,26.45197539107909
2.4424424424424425,-7.0055095845461945,-6.489724222288637,25.960616945040666
2.4624624624624625,-6.928120968244976,-6.674257696821945,25.50311291380627
2.4824824824824825,-6.903486848225742,-6.912595276052499,25.091485455414254
2.5025025025025025,-6.931327649591798,-7.19891471659529,24.73711730835089
2.5225225225225225,-7.009615322922519,-7.526692388563983,24.449920698641737
2.5425425425425425,-7.136457571663829,-7.88944593118392,24.239921990443317
2.5625625625625625,-7.309480180806763,-8.279811053267245,24.11677684242647
2.5825825825825826,-7.522819032825686,-8.686689196569183,24.087332019491942
2.6026026026026026,-7.7720550971927285,-9.100528049242117,24.159597345802315
2.6226226226226226,-8.050117333798973,-9.50706011213165,24.336733308785526
2.6426426426426426,-8.34771183456769,-9.888172785602293,24.617990613988432
2.6626626626626626,-8.656947829492369,-10.228321070725586,25.00450377718453
2.6826826826826826,-8.965893840517344,-10.50703859901013,25.48169886050939
2.7027027027027026,-9.262974802831122,-10.704293094522157,26.036387500323208
2.7227227227227226,-9.53586308980307,-10.801863237056633,26.653576980232323
2.7427427427427427,-9.766239390743891,-10.785023102270697,27.299408142397347
2.7627627627627627,-9.939910698345024,-10.64674007724681,27.940078485560875
2.7827827827827827,-10.046126487646548,-10.389196252785267,28.538841961708073
2.8028028028028027,-10.077123278759746,-10.025429436689585,29.060596026875473
2.8228228228228227,-10.027800436853965,-9.573932904533484,29.47320245647231
2.8428428428428427,-9.900236966403531,-9.064952179974235,29.754790224428227
2.8628628628628627,-9.6996816802149,-8.529200519901577,29.89070757530988
2.8828828828828827,-9.437823476779666,-7.999930711227949,29.87957422500172
2.9029029029029028,-9.130177419574727,-7.506623396424211,29.72979327125821
2.9229229229229228,-8.793901717740523,-7.072235036857618,29.457458024786725
2.942942942942943,-8.44646382775412,-6.712721314062384,29.083399498427198
2.962962962962963,-8.106564018691628,-6.438016469424119,28.634063739998275
2.982982982982983,-7.786151831988288,-6.2494079085145975,28.129407861972687
3.003003003003003,-7.497372690577075,-6.145837736701871,27.591365728864766
3.023023023023023,-7.249616993286575,-6.123116652301058,27.039856071639264
3.043043043043043,-7.050118853065496,-6.174395034909888,26.495137527726087
3.063063063063063,-6.901860036450269,-6.295584283483693,25.967592731550553
3.083083083083083,-6.808350049297458,-6.478886343308956,25.474504212066705
3.103103103103103,-6.770174356097536,-6.719550757709251,25.025785658370392
3.123123123123123,-6.787542584532469,-7.011445577911292,24.634004040654183
3.143143143143143,-6.858746137372745,-7.348170148563292,24.31100085932184
3.163163163163163,-6.982143578323225,-7.724633797768207,24.06530936010488
3.183183183183183,-7.154072190686747,-8.13200261488171,23.909052124528884
3.203203203203203,-7.3707885546445855,-8.561925413423417,23.84976163692463
3.2232232232232234,-7.627546426231985,-9.003978743876347,23.895550395504674
3.2432432432432434,-7.916615228911329,-9.441706150949553,24.052425504274076
3.2632632632632634,-8.231458865607419,-9.861710172144342,24.322133424970396
3.2832832832832834,-8.561386347941228,-10.242685356951348,24.703785080238948
3.3033033033033035,-8.893577081244613,-10.562047420811444,25.187699238185562
3.3233233233233235,-9.219090715633756,-10.80517311579792,25.765011000416635
3.3433433433433435,-9.52226466154526,-10.951548543881158,26.41110794269156
3.3633633633633635,-9.784083117910734,-10.973980941236384,27.10053030925529
3.3833833833833835,-9.991253869465659,-10.869035291849633,27.795447309280387
3.4034034034034035,-10.130887210598955,-10.635061948703413,28.45699855478115
3.4234234234234235,-10.193310672849682,-10.280326971810863,29.04933636396949
3.4434434434434436,-10.172437833156613,-9.825389205599016,29.5367688593485
3.4634634634634636,-10.064430352336394,-9.290559313137186,29.889545433889698
3.4834834834834836,-9.878065665163895,-8.716953472249045,30.094949185138894
3.5035035035035036,-9.618540659567335,-8.13733070534197,30.136959987572435
3.5235235235235236,-9.302355531189896,-7.582876353218458,30.027441597355956
3.5435435435435436,-8.944242364436356,-7.08463061674197,29.774000354083753
3.5635635635635636,-8.564589584703015,-6.661303995381306,29.399507372169612
3.5835835835835836,-8.18547982034184,-6.328588746912349,28.931319156490062
3.6036036036036037,-7.826800305918623,-6.096078366172823,28.39802264773688
3.6236236236236237,-7.499410162122312,-5.957184450720124,27.82315546835323
3.6436436436436437,-7.2143710665124505,-5.907219382145371,27.228413320131185
3.6636636636636637,-6.979573609999068,-5.939473411408396,26.633363407404076
3.6836836836836837,-6.800473257591273,-6.04514706422399,26.0580763120605
3.7037037037037037,-6.67891000234057,-6.220145010305051,25.511349131541415
3.7237237237237237,-6.616727498265647,-6.455772171507486,25.010766618093328
3.7437437437437437,-6.61394729209294,-6.748239212974987,24.5640328257288
3.7637637637637638,-6.66929030940698,-7.089968807504537,24.18662174839974
3.7837837837837838,-6.781247829405247,-7.477068556728764,23.885829829723907
3.803803803803804,-6.9467035989435875,-7.902391688090903,23.674353440578614
3.823823823823824,-7.161686339978297,-8.356813675602156,23.563642941449324
3.843843843843844,-7.421985079962512,-8.830842080069798,23.56191907403597
3.863863863863864,-7.721834076499188,-9.311635125250369,23.677491488933804
3.883883883883884,-8.052586868010275,-9.780358292806158,23.915989786126357
3.903903903903904,-8.405557487030528,-10.219134315325958,24.27756249515672
3.923923923923924,-8.769534513723874,-10.605705997882259,24.759196416338167
3.943943943943944,-9.128681505321595,-10.912073997450241,25.347254874729327
3.963963963963964,-9.473636161558492,-11.124851030978938,26.028329667290606
3.983983983983984,-9.783406533563651,-11.215247938299386,26.770288246687777
4.004004004004004,-10.038581377726205,-11.159901241462205,27.540412778198483
4.024024024024024,-10.22580002471223,-10.962421166007285,28.29178779408739
4.044044044044044,-10.330762485629933,-10.621091309514755,28.98262011925274
4.064064064064064,-10.346246509889713,-10.15898230184091,29.572280716166425
4.084084084084084,-10.26456111997859,-9.595485673369017,30.021498799433054
4.104104104104104,-10.092002477412473,-8.971967194832837,30.311166151845214
4.124124124124124,-9.834799359789448,-8.329255977508184,30.422343136930433
4.1441441441441444,-9.507680857360072,-7.703698269318631,30.35927449493624
4.1641641641641645,-9.12833356722393,-7.131441234147107,30.133431615330355
4.1841841841841845,-8.717289081871238,-6.638001269566051,29.765343173431727
4.2042042042042045,-8.299798572789198,-6.240033829155385,29.28879324573933
4.2242242242242245,-7.898604647309295,-5.9515427202688045,28.732676735980682
4.2442442442442445,-7.527577519086601,-5.7668763492414,28.121191955247934
4.2642642642642645,-7.19945223307576,-5.680323683023656,27.481716047134785
4.2842842842842845,-6.923481238156402,-5.6842111076660355,26.83614996309928
4.3043043043043046,-6.706216210379472,-5.768904370477729,26.2054625520546
4.324324324324325,-6.550059292699489,-5.928849889535768,25.600734871008388
4.344344344344345,-6.457553206766613,-6.155632674283187,25.03813274396291
4.364364364364365,-6.4285264240319835,-6.4431042594461205,24.53035762314784
4.384384384384385,-6.462449654968098,-6.786363166064682,24.087681789939428
4.404404404404405,-6.556952559369741,-7.178782393809558,23.724568340487128
4.424424424424425,-6.7099815581396145,-7.615711675153699,23.449749454899067
4.444444444444445,-6.918013214406116,-8.089734045208436,23.276177075560692
4.464464464464465,-7.176339884702312,-8.590570839610884,23.214997607042616
4.484484484484485,-7.480976026171877,-9.109461898468483,23.274499906978168
4.504504504504505,-7.824452905129507,-9.629679771963847,23.463977694807717
4.524524524524525,-8.197713692969801,-10.130464292678914,23.78852978693926
4.544544544544545,-8.590270390565411,-10.589173967640486,24.247925731343713
4.564564564564565,-8.990315976728327,-10.982360796141622,24.836434596592767
4.584584584584585,-9.380923524806072,-11.280517420716984,25.53665827502311
4.604604604604605,-9.742079956879206,-11.449449471832892,26.32830702926951
4.624624624624625,-10.05479083506371,-11.471664377962018,27.168667092135042
4.644644644644645,-10.300301854381628,-11.329770580936822,28.017637779989112
4.664664664664665,-10.46210672145186,-11.026801190571762,28.822514047409392
4.684684684684685,-10.524914774020225,-10.566662215260356,29.53400188211972
4.704704704704705,-10.48426043869828,-9.984936686554505,30.10839532740437
4.724724724724725,-10.33532463265831,-9.313698712127787,30.504092626907966
4.744744744744745,-10.085263185221272,-8.600140848903678,30.70368121704178
4.764764764764765,-9.750014498098412,-7.893846732601885,30.704614241495857
4.784784784784785,-9.351148483487965,-7.239023884889375,30.51782455372849
4.804804804804805,-8.91297126473004,-6.667742795242774,30.16877750530931
4.824824824824825,-8.459875371650053,-6.200334195453556,29.6887198674329
4.844844844844845,-8.014350105956716,-5.846088537422848,29.110595893277655
4.864864864864865,-7.596145631598096,-5.606532749081938,28.46632106376432
4.884884884884885,-7.220796868266163,-5.475962408018386,27.784507449114724
4.904904904904905,-6.899439187039324,-5.44564126366325,27.0894024618416
4.924924924924925,-6.63963561499115,-5.505910356255721,26.40161052613784
4.944944944944945,-6.445617039177883,-5.64732670641841,25.7381970818791
4.964964964964965,-6.318978192156106,-5.861782028900302,25.113272232428656
4.984984984984985,-6.261669462082703,-6.1413806729378795,24.541644534687574
5.005005005005005,-6.271327031917347,-6.4811809612580396,24.03473704518003
5.025025025025025,-6.346595666718596,-6.875514624248543,23.60489614946872
5.045045045045045,-6.484340273705945,-7.319572740092727,23.264115291314877
5.065065065065065,-6.681646653704884,-7.80821582227645,23.024464105051486
5.085085085085085,-6.934609860706446,-8.332783717113706,22.898039781948906
5.105105105105105,-7.2392215606992325,-8.884320967203175,22.89691253169164
5.125125125125125,-7.589588440504275,-9.448239536090364,23.031409851455894
5.145145145145145,-7.978530859222691,-10.006400710139449,23.310602874241816
5.165165165165165,-8.395156182016025,-10.53397616292493,23.73741311331389
5.185185185185185,-8.827269683281664,-11.004122076218563,24.311866092901464
5.205205205205205,-9.257593436023647,-11.383662586627628,25.020140199084487
5.225225225225225,-9.66812101632428,-11.640626428519198,25.8438993715495
5.245245245245245,-10.036646826767338,-11.744688082133932,26.745196459711273
5.265265265265265,-10.341841708045594,-11.673184409719916,27.681655175359957
5.285285285285285,-10.561967668987995,-11.416283416192659,28.59553501410333
5.305305305305305,-10.680275130785414,-10.980976025881976,29.430735728332312
5.325325325325325,-10.683653134930774,-10.389389096148332,30.129036943189146
5.345345345345345,-10.569863962414738,-9.68316617013298,30.64894148982523
5.365365365365365,-10.340724184988657,-8.910387448010086,30.955337784228984
5.385385385385385,-10.010610021064677,-8.126087014920687,31.041036201602545
5.405405405405405,-9.599446521701532,-7.38149699206712,30.91243361879428
5.425425425425425,-9.13407619705751,-6.719155566589861,30.5941740219148
5.445445445445445,-8.64194695117368,-6.165143253455629,30.12003910541827
5.465465465465465,-8.149541756731715,-5.73572505641107,29.526568172129608
5.485485485485485,-7.680795436562444,-5.432570228627506,28.85201107555722
5.505505505505505,-7.255013892965754,-5.250334410101269,28.1305018386646
5.525525525525525,-6.8836865272148975,-5.1784517624073025,27.387257705773976
5.545545545545545,-6.575785036755071,-5.205754953015739,26.644850674987353
5.565565565565565,-6.335551368486118,-5.32362094900584,25.918243773102425
5.585585585585585,-6.168694690671854,-5.519326797492661,25.229374145818003
5.605605605605605,-6.074811195731157,-5.785437109854604,24.5905477385974
5.625625625625625,-6.05278569762258,-6.115499854542271,24.01389694600949
5.645645645645645,-6.100165988161168,-6.505095501732695,23.51168247396777
5.665665665665665,-6.214677097285871,-6.949765832417569,23.096093687091305
5.685685685685685,-6.393566823346699,-7.4446801609563495,22.780268203834922
5.7057057057057055,-6.633662854125852,-7.983435363711216,22.577679909919425
5.7257257257257255,-6.931184493021472,-8.55762211140963,22.50024035521788
5.7457457457457455,-7.281642377031133,-9.156948746123552,22.559743744394193
5.7657657657657655,-7.677544798492166,-9.76343677767115,22.769185278428225
5.7857857857857855,-8.109159775285127,-10.353642472596976,23.135694631222243
5.8058058058058055,-8.56650063575203,-10.904241731990547,23.662482702065677
5.8258258258258255,-9.0318435118027,-11.37677510399482,24.343689080204804
5.8458458458458455,-9.48763604994187,-11.738727617447518,25.161854614808213
5.865865865865866,-9.915576670776375,-11.958339047927346,26.09496122122761
5.885885885885886,-10.294126039112864,-12.009669062081723,27.100565053815366
5.905905905905906,-10.592211137745196,-11.852388340884092,28.122908073457992
5.925925925925926,-10.789546548481747,-11.487770213561467,29.09693799169955
5.945945945945946,-10.86832572406957,-10.932771691732547,29.956045887656895
5.965965965965966,-10.816433943516872,-10.219936056651118,30.63968604601891
5.985985985985986,-10.63419734045905,-9.403695715542227,31.102947466064542
6.006006006006006,-10.332090909259838,-8.545391651849362,31.32401361967182
6.026026026026026,-9.92999855400195,-7.705012221194866,31.304196424998345
6.046046046046046,-9.453470340578374,-6.935399851996683,31.061174809029705
6.066066066066066,-8.932885329581893,-6.274508095435274,30.63002802278797
6.086086086086086,-8.39816103483685,-5.743425246568339,30.05148670765245
6.106106106106106,-7.876568970236055,-5.350564554881907,29.366717718584233
6.126126126126126,-7.392451991509573,-5.09227028145795,28.61669307767732
6.146146146146146,-6.961486954361063,-4.957715487208816,27.832207547563772
6.166166166166166,-6.594568628016282,-4.933870213968576,27.038785013734966
6.186186186186186,-6.298134039324231,-5.0093347332752955,26.255166467466655
6.206206206206206,-6.0769605258280635,-5.171585768062178,25.500485598098663
6.226226226226226,-5.933811394309588,-5.409248202954226,24.792441774035893
6.246246246246246,-5.866808213424324,-5.715594798553636,24.141496977948314
6.266266266266266,-5.873760502047484,-6.0855362214039115,23.56006925931103
6.286286286286286,-5.952002792617317,-6.514932600047206,23.06036527961212
6.306306306306306,-6.099038523324614,-7.0004694720494385,22.654637844041435
6.326326326326326,-6.311705792053895,-7.536896967358497,22.358328098294056
6.346346346346346,-6.587629407437681,-8.1193677399751,22.182491457999024
6.366366366366366,-6.922079203952702,-8.737099623365634,22.143393396027164
6.386386386386386,-7.310799296373517,-9.379884847976651,22.25181562713032
6.406406406406406,-7.745453646670451,-10.026946190546695,22.522934332570575
6.426426426426427,-8.217165079184094,-10.655860327653718,22.96364731572571
6.446446446446447,-8.712710413116467,-11.234324599502902,23.577687270281253
6.466466466466467,-9.215088503387742,-11.723900684401336,24.359071929481676
6.486486486486487,-9.703448681547131,-12.083563534645892,25.288652623559734
6.506506506506507,-10.15685015840594,-12.281493375109175,26.332958305277494
6.526526526526527,-10.543099203286664,-12.268021925410942,27.442661795662318
6.546546546546547,-10.837034367969814,-12.031940772441638,28.548002555200934
6.566566566566567,-11.014839285748051,-11.568314298091861,29.57887684181071
6.586586586586587,-11.060027353298898,-10.906440294375244,30.46318710127577
6.606606606606607,-10.960765265377008,-10.081522925909779,31.137596727166482
6.626626626626627,-10.723221418070544,-9.165066831070769,31.563278353676
6.646646646646647,-10.35721875195953,-8.220788526697675,31.716036932487235
6.666666666666667,-9.887223492489921,-7.317129141930582,31.60735663258496
6.686686686686687,-9.342853048453877,-6.507201843916319,31.261668831981506
6.706706706706707,-8.762492113986307,-5.832983908826967,30.725173834500257
6.726726726726727,-8.17965022099649,-5.314581804204398,30.045409847569815
6.746746746746747,-7.622963517806521,-4.947825140385752,29.271261703581292
6.766766766766767,-7.11431073016813,-4.723629778526672,28.44167949486651
6.786786786786787,-6.669442559273226,-4.62732507790581,27.588875409224222
6.806806806806807,-6.298429713523013,-4.642832611811451,26.73810756929925
6.826826826826827,-6.006959336313355,-4.7552939190431385,25.9095789252043
6.846846846846847,-5.797051338064934,-4.952005541662821,25.119331374621375
6.866866866866867,-5.668143285531118,-5.2233925663359075,24.380573858399337
6.886886886886887,-5.618351091028662,-5.562854792014162,23.705165154628293
6.906906906906907,-5.645242314178041,-5.966191665519611,23.104645385722876
6.926926926926927,-5.7462542699643215,-6.430029088548013,22.590862511616365
6.946946946946947,-5.918596413968868,-6.952364671754938,22.176574056371912
6.966966966966967,-6.159557421607985,-7.529954854776595,21.875833120569496
6.986986986986987,-6.466304684940988,-8.15832193392699,21.703709621198655
7.007007007007007,-6.835293216872978,-8.82868566282567,21.67672927626001
7.027027027027027,-7.261386693734312,-9.527201543917103,21.811008613828243
7.047047047047047,-7.737769585993301,-10.234568306670464,22.122319851032636
7.067067067067067,-8.25394318462981,-10.922563909655851,22.62101574720587
7.087087087087087,-8.79647736339968,-11.55555437947825,23.31364764217377
7.107107107107107,-9.34583133229672,-12.089392688861995,24.190751608189615
7.127127127127127,-9.879387125423923,-12.475506802188702,25.235026513564005
7.147147147147147,-10.368369364184828,-12.668328229947965,26.400997905686257
7.167167167167167,-10.78253358894862,-12.62379163068221,27.635687992694685
7.187187187187187,-11.09135475151621,-12.320047131948828,28.86228655931779
7.207207207207207,-11.26655628246247,-11.76006673122718,29.99201156163425
7.227227227227227,-11.28684287351077,-10.974012246329522,30.938579194782076
7.247247247247247,-11.144613669368153,-10.022660037745363,31.63201431899508
7.267267267267267,-10.846456772955442,-8.98414039146297,32.03058774867984
7.287287287287287,-10.412971197548599,-7.939902420397257,32.12600813374002
7.307307307307307,-9.872973270539822,-6.965179326482784,31.932647586685
7.327327327327327,-9.264270492747634,-6.115403178351535,31.494179631986515
7.347347347347347,-8.624861786321766,-5.422991855806916,30.862134370226972
7.367367367367367,-7.991222615950864,-4.902908494453571,30.09134911186866
7.387387387387387,-7.3942541724364625,-4.548675555902334,29.233466706862753
7.407407407407407,-6.857536212384177,-4.345646492470893,28.331557051008573
7.4274274274274275,-6.393724648437669,-4.274215841907669,27.415194594502317
7.4474474474474475,-6.010900745477214,-4.31733666932009,26.506798378833455
7.4674674674674675,-5.713831511656005,-4.458262767460169,25.625845412965923
7.4874874874874875,-5.505644454331201,-4.680778768154733,24.79152269178388
7.5075075075075075,-5.383279650974331,-4.976617245458529,24.013218354966774
7.5275275275275275,-5.3435374275564325,-5.340051391571443,23.302493608755725
7.5475475475475475,-5.382661455415963,-5.76741156675816,22.670550155038665
7.5675675675675675,-5.497886760506389,-6.257506353688097,22.128928275972466
7.587587587587588,-5.686209905267767,-6.808399081433888,21.693280295030764
7.607607607607608,-5.946153252439777,-7.418757565798459,21.374859062848913
7.627627627627628,-6.2747259257027075,-8.083268829995855,21.192376576269357
7.647647647647648,-6.669480750185145,-8.79682365903306,21.15910496297804
7.667667667667668,-7.124089745030043,-9.542304908364274,21.298987184804595
7.687687687687688,-7.63402274407143,-10.306637551785304,21.623149497474262
7.707707707707708,-8.188470991348526,-11.05795388166173,22.149631720102086
7.727727727727728,-8.773336182177031,-11.75587931419731,22.886969387589446
7.747747747747748,-9.368389717049691,-12.350470480294865,23.830214053559057
7.767767767767768,-9.95404396277274,-12.800657905667933,24.960970811486078
7.787787787787788,-10.494808164908227,-13.03535693706603,26.24060648412442
7.807807807807808,-10.955934311599869,-13.010483891504322,27.599299828860236
7.827827827827828,-11.30330510829434,-12.695535677044544,28.955424486759277
7.847847847847848,-11.505067558493707,-12.093673671865801,30.208207507162584
7.867867867867868,-11.537862826846938,-11.232950248808827,31.264811944537882
7.887887887887888,-11.391089069627496,-10.183283646371383,32.040221852157245
7.907907907907908,-11.072120339235298,-9.031588246027383,32.49107270701254
7.927927927927928,-10.598013515352674,-7.8720852629568805,32.59549542217769
7.947947947947948,-10.00409657855163,-6.789756852833163,32.38121774461838
7.967967967967968,-9.330304077121518,-5.857565561704986,31.88690649573095
7.987987987987988,-8.626981590294658,-5.108319571059211,31.186191079759595
8.008008008008009,-7.93322177031828,-4.550907452283738,30.34145943169102
8.028028028028029,-7.2811750971929134,-4.1760603792642454,29.407813400164066
8.048048048048049,-6.694828019732866,-3.9645623833979733,28.430059104111944
8.068068068068069,-6.189961952540002,-3.893528628208162,27.442251802334113
8.088088088088089,-5.775558786543883,-3.940111698959852,26.46982890017868
8.108108108108109,-5.4546482748047485,-4.084622275796993,25.53092551657535
8.128128128128129,-5.226312065632277,-4.312461180582029,24.63901874946928
8.148148148148149,-5.08780659320606,-4.614124961712311,23.805122197975386
8.168168168168169,-5.035912753034011,-4.982234335456471,23.039751463615865
8.188188188188189,-5.066450326375251,-5.415049499760256,22.352865361872826
8.208208208208209,-5.1758778832617685,-5.911478661830686,21.75545261160532
8.228228228228229,-5.3613577104176295,-6.472692285606318,21.259899352248613
8.248248248248249,-5.6208743570021165,-7.09879619239455,20.88102124989661
8.268268268268269,-5.952692396155509,-7.788954649858622,20.635272063632772
8.288288288288289,-6.3546416215483585,-8.537054861927961,20.54302124688369
8.308308308308309,-6.824206389933607,-9.33637276467506,20.624023568525423
8.328328328328329,-7.355334416172012,-10.165086374644796,20.90057612684057
8.348348348348349,-7.941736665409081,-11.00138753827678,21.39399760865915
8.368368368368369,-8.568332400433349,-11.800421092949597,22.115626190683734
8.388388388388389,-9.219418006088823,-12.516213939336561,23.075470650328292
8.408408408408409,-9.867132762862587,-13.085244611775279,24.25246379161295
8.428428428428429,-10.481122479637248,-13.44035034905965,25.619237056568547
8.448448448448449,-11.024707442526859,-13.524891778993009,27.11017541979445
8.468468468468469,-11.456916347208752,-13.287315468621916,28.636663753785246
8.488488488488489,-11.740981208486833,-12.722937016188391,30.087826022330557
8.508508508508509,-11.841911879187482,-11.840975819355751,31.348001662858504
8.528528528528529,-11.741115775016441,-10.708994140548157,32.31664525551361
8.548548548548549,-11.438572544402419,-9.429927588567935,32.92131605556653
8.568568568568569,-10.953253102532335,-8.11890515707358,33.131323915393466
8.588588588588589,-10.323002251815437,-6.883972023891943,32.96783063007636
8.608608608608609,-9.596763926361684,-5.806793077857358,32.487712868157175
8.62862862862863,-8.82660621455892,-4.935071748555378,31.76459972606097
8.64864864864865,-8.057474697505734,-4.279028404640094,30.871496536943837
8.66866866866867,-7.328550062938729,-3.8288980050049557,29.87557625927347
8.68868868868869,-6.667107186820957,-3.5623181502538293,28.827085120936285
8.70870870870871,-6.0914548761006,-3.452149216596933,27.763862904487848
8.72872872872873,-5.61177292030539,-3.472807701231128,26.712004082083123
8.74874874874875,-5.233840067066279,-3.5969757173470693,25.69513757345176
8.76876876876877,-4.95547138180966,-3.8073809298866905,24.725428715258793
8.78878878878879,-4.772800805637563,-4.09163306682196,23.813286654019382
8.80880880880881,-4.681358037587271,-4.442048126295414,22.96772448634975
8.82882882882883,-4.676152782447742,-4.855975352108438,22.19710661457329
8.84884884884885,-4.752790800848784,-5.33355495476965,21.51087032939223
8.86886886886887,-4.907766771245755,-5.877593624144433,20.919996155373482
8.88888888888889,-5.139434910694421,-6.490435451469266,20.437817313722256
8.90890890890891,-5.447134201373868,-7.174498834641895,20.08003554043986
8.92892892892893,-5.830028970097176,-7.92976776452686,19.86603656713632
8.94894894894895,-6.287021551410663,-8.752567561523309,19.81818958393148
8.96896896896897,-6.815849239714211,-9.632800885307562,19.962114953324576
8.98898898898899,-7.4117057021589146,-10.549331055508647,20.324315418317838
9.00900900900901,-8.066645307312019,-11.471218690408138,20.929709340233458
9.02902902902903,-8.766604888433084,-12.350999320316687,21.797681587643744
9.04904904904905,-9.489355777450081,-13.12486922740425,22.931817659520934
9.06906906906907,-10.20597150039806,-13.719350751909133,24.31854756898967
9.08908908908909,-10.876750556611944,-14.05083582795262,25.910526822110853
9.10910910910911,-11.455791430407913,-14.048617827903014,27.623044113725324
9.12912912912913,-11.895070360009699,-13.660998997051522,29.345828313984047
9.14914914914915,-12.148935656124612,-12.88337278952627,30.936616932845705
9.16916916916917,-12.18617321173546,-11.765748886544399,32.26248565465437
9.18918918918919,-11.989448749523147,-10.396963801344516,33.20774215053865
9.20920920920921,-11.568743254465126,-8.912850704746951,33.710955520183255
9.22922922922923,-10.952998748304195,-7.445848999071951,33.763057676618
9.24924924924925,-10.191109412373262,-6.115624758929425,33.40871725025336
9.26926926926927,-9.343749334286153,-5.002637475297598,32.72989956449549
9.28928928928929,-8.47014573179188,-4.140265655425855,31.819162722444368
9.30930930930931,-7.621250760704198,-3.5273977982603344,30.761413881427647
9.32932932932933,-6.839501630019413,-3.139551135685017,29.631169473209045
9.34934934934935,-6.147391638346882,-2.939089589187434,28.47477359800014
9.36936936936937,-5.557429593316874,-2.8936152825673505,27.322887172812397
9.38938938938939,-5.0783141755497425,-2.9676530427170604,26.202810025190878
9.40940940940941,-4.709733965910432,-3.1359167142549014,25.12945956679965
9.42942942942943,-4.446947677775487,-3.380528034770861,24.112152988071266
9.44944944944945,-4.2823382727595,-3.6912072788720507,23.15817279017301
9.46946946946947,-4.209573279118416,-4.063074377436975,22.274221515361667
9.48948948948949,-4.222824305878746,-4.494026029771517,21.46725748609543
9.50950950950951,-4.317555184131568,-4.987739358743141,20.74534214287056
9.52952952952953,-4.490634920935973,-5.549117350328848,20.118719775341827
9.54954954954955,-4.740587939688307,-6.184145651584695,19.60033027399506
9.56956956956957,-5.0676087769735245,-6.897519843838977,19.2064924868336
9.58958958958959,-5.472667979553448,-7.692670921544125,18.9572085010076
9.60960960960961,-5.956334716294642,-8.569322815574957,18.877307229582545
9.62962962962963,-6.518265814185093,-9.520184466522933,18.995657189429576
9.64964964964965,-7.156028934950541,-10.527924608648064,19.344606528904485
9.66966966966967,-7.86258014658925,-11.559273083874823,19.956320726075443
9.68968968968969,-8.626413090871317,-12.569021766665543,20.858425759363453
9.70970970970971,-9.425896741832902,-13.485646556052892,22.06735317828403
9.72972972972973,-10.230058833039521,-14.224950500884997,23.57289939251553
9.74974974974975,-10.997453845775237,-14.686052620752005,25.338760012935232
9.76976976976977,-11.67721308719548,-14.78050599769309,27.27372340684599
9.78978978978979,-12.214163111554951,-14.426954906102145,29.26356334562032
9.80980980980981,-12.546718548394937,-13.60336824048519,31.13473488664684
9.82982982982983,-12.62977679880769,-12.355591315711672,32.71349488850683
9.84984984984985,-12.441654181908927,-10.793090546809806,33.85556828492503
9.86986986986987,-11.98758308718467,-9.077962177099456,34.47331021713218
9.88988988988989,-11.303808497097135,-7.381515887547077,34.55967867273408
9.90990990990991,-10.446100406214853,-5.853249533227772,34.16499336051868
9.92992992992993,-9.489518352419113,-4.586939940370589,33.39963400766217
9.94994994994995,-8.504582632501755,-3.6191307976466023,32.37890658485214
9.96996996996997,-7.552043715160419,-2.9394558270819178,31.20879939573199
9.98998998998999,-6.672653231524057,-2.513187352549555,29.96363448850573
10.01001001001001,-5.8929867770840145,-2.2982877557031656,28.69493347595305
10.03003003003003,-5.233073618664407,-2.2445648436665158,27.44688210235862
10.05005005005005,-4.6957078225169,-2.313776300579422,26.2385497875558
10.07007007007007,-4.2775279329229745,-2.475750445274837,25.082479259315562
10.09009009009009,-3.9718097351012585,-2.7094720595019184,23.98604347575729
10.11011011011011,-3.7700577374361663,-3.0021261317588266,22.9543113397332
10.13013013013013,-3.662770619562401,-3.3488075047430583,21.990596925785585
10.15015015015015,-3.6421371483761744,-3.7493850129721507,21.099662141276
10.17017017017017,-3.702949941449946,-4.2068676034062245,20.287188971757764
10.19019019019019,-3.841885225802584,-4.727256876358226,19.56059226190095
10.21021021021021,-4.056814269303373,-5.318725888120903,18.929934994714603
10.23023023023023,-4.34745172798346,-5.990300615722899,18.408627715986775
10.25025025025025,-4.715356486036658,-6.750591210996977,18.014498455262512
10.27027027027027,-5.163258336772498,-7.606375185922669,17.769419129200262
10.29029029029029,-5.694174385037282,-8.559477081485316,17.7021279338759
10.31031031031031,-6.310338598570336,-9.605835955488317,17.845591158562712
10.33033033033033,-7.01195884957578,-10.729618699809748,18.239654005362116
10.35035035035035,-7.793933585517855,-11.896292730567298,18.925819501716738
10.37037037037037,-8.645806703835952,-13.054967373246464,19.943050773486714
10.39039039039039,-9.545412209972117,-14.122936628654974,21.31861135685427
10.41041041041041,-10.45717725151245,-14.99350178960161,23.048654600317327
10.43043043043043,-11.333945050784427,-15.544534447107942,25.097197872403918
10.45045045045045,-12.110618369500731,-15.648878538882236,27.35793873536997
10.47047047047047,-12.718080429203434,-15.220005334027517,29.672957486559547
10.49049049049049,-13.085160005753972,-14.215073503557791,31.839658993705175
10.51051051051051,-13.157006424596249,-12.69774181445789,33.64009680871131
10.53053053053053,-12.906516190980534,-10.820142308589539,34.895330554780784
10.55055055055055,-12.344019524138881,-8.789807730391358,35.5105429317401
10.57057057057057,-11.516306369775542,-6.824608385106927,35.48865934742887
10.59059059059059,-10.50104463451482,-5.106087547152938,34.92437361219753
10.61061061061061,-9.389718745751974,-3.728046932890721,33.964580652686784
10.63063063063063,-8.263717020123694,-2.7114518124151545,32.75211349307321
10.65065065065065,-7.188794140855341,-2.0290795693450607,31.405033071172852
10.67067067067067,-6.211703782836462,-1.6261121575289588,30.00973843690961
10.69069069069069,-5.3588349571887655,-1.4425137309358327,28.619598995312703
10.71071071071071,-4.643077060976234,-1.4202393379770102,27.268022191329585
10.73073073073073,-4.0654330257381766,-1.5104680763323124,25.973580945626086
10.75075075075075,-3.616865347019638,-1.6811431756879822,24.741790322831367
10.77077077077077,-3.2863993467138397,-1.9100311142708817,23.575604679062604
10.79079079079079,-3.0619223114965224,-2.184235301121394,22.476120195282824
10.81081081081081,-2.931793480621802,-2.498611976343845,21.444055014290324
10.83083083083083,-2.8858948889590246,-2.853825501663581,20.48064958753929
10.85085085085085,-2.9165591861885223,-3.2549752383421557,19.588319660423906
10.87087087087087,-3.0193455875209287,-3.709072192179131,18.77110708906636
10.89089089089089,-3.1918217265175532,-4.225956169064741,18.03512760883511
10.91091091091091,-3.433694631336311,-4.817367769176581,17.38919635411013
10.93093093093093,-3.746968197970996,-5.496017422715058,16.845979816034003
10.95095095095095,-4.135892523068383,-6.2744960425686465,16.423508615401868
10.97097097097097,-4.605549954273751,-7.164731985387408,16.143041476067076
10.99099099099099,-5.1625671433873235,-8.174601698482414,16.03643111866689
11.01101101101101,-5.812728929544017,-9.306728521083922,16.1397963057829
11.03103103103103,-6.560880386554393,-10.552219506686326,16.50159460582583
11.05105105105105,-7.406641891715741,-11.883277079848794,17.174049502241086
11.07107107107107,-8.344978988041584,-13.253142193632295,18.215421004063064
11.09109109109109,-9.359357502865373,-14.578917050908252,19.67420992267794
11.11111111111111,-10.41609795510792,-15.734703384732612,21.576887474357687
11.13113113113113,-11.462731994980517,-16.56403207622816,23.905511758799854
11.15115115115115,-12.425278087807653,-16.89110315204607,26.567205657705987
11.17117117117117,-13.213566764143529,-16.564141459669962,29.378344503910675
11.19119119119119,-13.73361220471978,-15.509331534529839,32.07801676618222
11.21121121121121,-13.905635552801757,-13.770770795304976,34.37513028644482
11.23123123123123,-13.682234453803911,-11.522738577289555,36.01135543184045
11.25125125125125,-13.066315227094236,-9.044737288942516,36.839532263740956
11.27127127127127,-12.110950429892991,-6.633614909239455,36.85881526491504
11.29129129129129,-10.914542571103297,-4.530861143207037,36.196873487727885
11.31131131131131,-9.594417377898683,-2.882390500934981,35.04978805622055
11.33133133133133,-8.258758425949928,-1.6989476581587302,33.62078559390121
11.35135135135135,-6.991346362068421,-0.9296254876460576,32.06551393411266
11.37137137137137,-5.845371084783144,-0.49387206422440466,30.483149707684348
11.391391391391391,-4.8529975177430655,-0.30184549484753415,28.937564378611587
11.411411411411411,-4.022810022901888,-0.2776663258767898,27.4568896919981
11.431431431431431,-3.349913210130058,-0.36208044400010597,26.051749093236012
11.451451451451451,-2.821237890785814,-0.5135799576352542,24.723245809284066
11.471471471471471,-2.420124564435765,-0.7048230183766676,23.468811952044177
11.491491491491491,-2.1288987136770667,-0.9205130275651405,22.284543882713745
11.511511511511511,-1.9312102057099143,-1.153707495352078,21.166849682117046
11.531531531531531,-1.8132403650358104,-1.4030797953805414,20.11289543037743
11.551551551551551,-1.7636677956511726,-1.671685244785289,19.120688782403857
11.571571571571571,-1.7740546285095917,-1.9654533037589255,18.189201032358664
11.591591591591591,-1.8388116556347385,-2.2927290019316056,17.318420261923016
11.611611611611611,-1.9550519100243808,-2.663653773538291,16.50962728113134
11.631631631631631,-2.12252897932103,-3.0898292855284324,15.765551835932222
11.651651651651651,-2.3432049788758924,-3.584533969491854,15.09117799897737
11.671671671671671,-2.6213107801934297,-4.162701392415216,14.493965019047447
11.691691691691691,-2.963007131074498,-4.841008483202913,13.985473108753547
11.711711711711711,-3.3765173516579647,-5.637316897620028,13.582182628888683
11.731731731731731,-3.8719761818796212,-6.570182275128301,13.307451699071141
11.751751751751751,-4.460972730535511,-7.656281717094962,13.195312986851778
11.771771771771771,-5.155470742473105,-8.909205216069115,13.28730789445283
11.791791791791791,-5.966983507763587,-10.331988631593326,13.642818140856656
11.811811811811811,-6.903286586283742,-11.909118973543118,14.332618278304407
11.831831831831831,-7.967334508299758,-13.601789477332487,15.44089284924735
11.851851851851851,-9.145824540435159,-15.31366181817678,17.054394348776082
11.871871871871871,-10.414595714898377,-16.916287071281275,19.247543532057907
11.891891891891891,-11.71623035242444,-18.19198322952565,22.042180810395372
11.911911911911911,-12.960757854242221,-18.879973107496863,25.362468699632814
11.931931931931931,-14.02919005988882,-18.729073946315562,28.998097504912856
11.951951951951951,-14.785600096884476,-17.56317759332687,32.60463654854053
11.971971971971971,-15.100094645058403,-15.385278680394954,35.730207359278964
11.991991991991991,-14.887804557565872,-12.428456116182032,37.96678470875236
12.012012012012011,-14.138838711702162,-9.124656121661097,39.064806729570535
12.032032032032031,-12.930192690821297,-5.944649537484947,39.032341537056716
12.052052052052051,-11.402389717864176,-3.2552132800633506,38.09041273395731
12.072072072072071,-9.723441720073737,-1.225400498403105,36.563090353888036
12.092092092092091,-8.043087870277754,0.15239915370831777,34.748745888974796
12.112112112112111,-6.470791900027305,0.9868062003728718,32.85797678860035
12.132132132132131,-5.072225553927638,1.419080529275617,31.012682904069575
12.152152152152151,-3.875940834513392,1.582117646601828,29.268867833356122
12.172172172172171,-2.883616091580171,1.582302683418339,27.642746082250728
12.192192192192191,-2.080432595289867,1.4974581669300306,26.13133505927234
12.212212212212211,-1.4421991746639657,1.379479210744428,24.723772701135378
12.232232232232231,-0.9417728549600066,1.2614788352751296,23.408203991714412
12.252252252252251,-0.5518557019502919,1.16139499938154,22.173897383516792
12.272272272272271,-0.24800378726683808,1.0889507003588281,21.01248100346421
12.292292292292291,-0.009562661712704677,1.0493145623887685,19.91751283433471
12.312312312312311,0.18155787757493502,1.0441763783087339,18.88388639757021
12.332332332332332,0.3403238796763828,1.0739289799257428,17.907611610160927
12.352352352352352,0.47897193548189443,1.1388989361048318,16.98552532411675
12.372372372372372,0.6076152487342534,1.240030731617839,16.11512534745346
12.392392392392392,0.7348056771017148,1.3792912066904384,15.29450183272954
12.412412412412412,0.8680179519008111,1.5600322276218286,14.522350764048126
12.432432432432432,1.014131682196777,1.787297834939448,13.79809592736359
12.452452452452452,1.1798746579232073,2.067911930014583,13.122002244580464
12.472472472472472,1.3721625876851942,2.4108848339269753,12.49553350724942
12.492492492492492,1.5985209973975707,2.827605517756941,11.921771315681388
12.512512512512512,1.8674736128750504,3.3322029487971654,11.406143702936921
12.532532532532532,2.1887440154270084,3.941517248942306,10.957121432744731
12.552552552552552,2.5736324443823455,4.6754748275864335,10.587680521036326
12.572572572572572,3.0353042007806685,5.556890130585143,10.317196407797104
12.592592592592592,3.5889558114873354,6.610530971453263,10.17469521799431
12.612612612612612,4.251799398352453,7.860553602661637,10.204927243131625
12.632632632632632,5.040882314119996,9.329154906091937,10.455578648120998
12.652652652652652,5.97397994232996,11.024193394189515,11.009451391582203
12.672672672672672,7.064905530101621,12.932444161834278,11.964510428896293
12.692692692692692,8.3200601311511,15.002569346941078,13.443658523618307
12.712712712712712,9.728245964249203,17.112812102721232,15.57633572853726
12.732732732732732,11.249338240394904,19.048417434842538,18.469701136867066
12.752752752752752,12.804597274425246,20.499973735725447,22.155165238474357
12.772772772772772,14.26354594081177,21.075927708288205,26.503388377420574
12.792792792792792,15.450380455383387,20.412891088733826,31.15119660883496
12.812812812812812,16.174717020425003,18.32417990049297,35.538645719164265
12.832832832832834,16.270891158813328,14.961359420486247,38.99885975203764
12.852852852852854,15.657406413329834,10.820407405828686,41.01824301407347
12.872872872872874,14.386063900147272,6.6124666032257275,41.45608534857958
12.892892892892894,12.623858688280311,2.963222080366352,40.558983908717416
12.912912912912914,10.59935194427125,0.1973814384261162,38.80078583842054
12.932932932932934,8.525642975243775,-1.6582008503032049,36.64012961393503
12.952952952952954,6.564210868784329,-2.7540728172261915,34.40399339706455
12.972972972972974,4.812897649116409,-3.302300380168209,32.27304034111843
12.992992992992994,3.315866937905963,-3.50131466357288,30.322857528767265
13.013013013013014,2.0751249960821885,-3.507519232390544,28.56222970567881
13.033033033033034,1.0683179924130046,-3.4306538297326457,26.97260290313038
13.053053053053054,0.2609690939883196,-3.342686245327514,25.528374802514328
13.073073073073074,-0.38656865868817797,-3.2830808785151144,24.206107344209503
13.093093093093094,-0.910466797166497,-3.2764833793229204,22.989911228480498
13.113113113113114,-1.3441356732717151,-3.3374442271603564,21.868121416309464
13.133133133133134,-1.7170317691482222,-3.4741864702923837,20.83357301458428
13.153153153153154,-2.0546536041988133,-3.692229651812966,19.882734219561502
13.173173173173174,-2.378983604975607,-3.9961800473412277,19.01523035074943
13.193193193193194,-2.7084026622569204,-4.390971312781977,18.23428938800004
13.213213213213214,-3.0587064627528635,-4.882629831582661,17.546591797205238
13.233233233233234,-3.444179646403103,-5.478750500185303,16.9625117459483
13.253253253253254,-3.8781816226429706,-6.188052888041509,16.496961915847542
13.273273273273274,-4.3733056341779,-7.018483594454995,16.171163871621104
13.293293293293294,-4.941117812501623,-7.977360322877998,16.012058877492994
13.313313313313314,-5.591893832899914,-9.066243835913173,16.05594791958686
13.333333333333334,-6.333146441923085,-10.276832216353547,16.346773423668484
13.353353353353354,-7.169256701883573,-11.58905503239123,16.93676721122599
13.373373373373374,-8.096424264592226,-12.954485286263179,17.88413823711804
13.393393393393394,-9.102756487665454,-14.301323663531715,19.242889774869457
13.413413413413414,-10.159962824275397,-15.513599379109607,21.046469276408267
13.433433433433434,-11.221553105922904,-16.438903455048006,23.287873711336026
13.453453453453454,-12.219421310890153,-16.902945683301535,25.891866441944003
13.473473473473474,-13.066228248404954,-16.743623452933733,28.70690123528142
13.493493493493494,-13.661097812097694,-15.8482950994958,31.485724773901296
13.513513513513514,-13.917570295392476,-14.234099780404001,33.915349098108685
13.533533533533534,-13.778516093401228,-12.057803148640044,35.72012410908155
13.553553553553554,-13.237349639527944,-9.591886713156716,36.72363386442389
13.573573573573574,-12.343709887779763,-7.144235077213719,36.90215623671282
13.593593593593594,-11.19119543654276,-4.971265336979269,36.37026372718232
13.613613613613614,-9.891390620686396,-3.221560063117731,35.31562337938969
13.633633633633634,-8.553364821855212,-1.938731503707088,33.93716803406977
13.653653653653654,-7.267222631432224,-1.0874075492234514,32.40177410669094
13.673673673673674,-6.094422537645031,-0.585900729083991,30.823466461997224
13.693693693693694,-5.069336650965258,-0.3466614332096041,29.270044819451492
13.713713713713714,-4.205030989096771,-0.2905198132143277,27.776109750828827
13.733733733733734,-3.4994587507553345,-0.35481955734476567,26.35568948351983
13.753753753753754,-2.9413370822158726,-0.4942470991722883,25.01203585444241
13.773773773773774,-2.514234971130506,-0.6789073282230651,23.742737422142163
13.793793793793794,-2.2007644687519967,-0.8911328512671125,22.544270998001107
13.813813813813814,-1.9844875912722577,-1.1221336599105485,21.41310256477245
13.833833833833834,-1.8509088557682165,-1.369605175604271,20.34626426551409
13.853853853853854,-1.7881654037586558,-1.635823602370218,19.34162479097073
13.873873873873874,-1.7872283447717494,-1.926357184105968,18.39798421007193
13.893893893893894,-1.8420473490407316,-2.2490624462506803,17.51518916147232
13.913913913913914,-1.9493588598754816,-2.613521122410967,16.694269445080536
13.933933933933934,-2.108382717694731,-3.030922491197079,15.937802950294175
13.953953953953954,-2.3202715308657895,-3.5146331124508405,15.250279438469887
13.973973973973974,-2.5886677333639634,-4.079509141121857,14.638917816602826
13.993993993993994,-2.919513804968419,-4.741827212069285,14.11446999771137
14.014014014014014,-3.3210846687860465,-5.5190030274453035,13.692484775522075
14.034034034034034,-3.8031372358009636,-6.429327802283431,13.395195905139685
14.054054054054054,-4.37674760269808,-7.490716367302388,13.253363247475658
14.074074074074074,-5.054029969819061,-8.71709072443637,13.309015883362875
14.094094094094094,-5.846940143636438,-10.114079368141097,13.617427887798817
14.114114114114114,-6.764773448203048,-11.671532851487369,14.248826830114186
14.134134134134134,-7.81093819605453,-13.352163725499665,15.286890654644834
14.154154154154154,-8.977367543703407,-15.075734840670108,16.820756289061084
14.174174174174174,-10.237094674070622,-16.704013578892777,18.926564712625634
14.194194194194194,-11.537369154395517,-18.035978096720225,21.633860480619106
14.214214214214214,-12.795554557235278,-18.821464369555443,24.888001056628312
14.234234234234235,-13.89579884261721,-18.794976222457382,28.501255415744975
14.254254254254255,-14.700827871116731,-17.765270627736278,32.13284850753613
14.274274274274275,-15.079908751934013,-15.710223927059367,35.34934877261884
14.294294294294295,-14.940296698339207,-12.842201683727497,37.720462813864586
14.314314314314315,-14.262309473300464,-9.565105676621556,38.97587358299066
14.334334334334335,-13.109019279246123,-6.349000609509395,39.08644423055437
14.354354354354355,-11.617849689506139,-3.590081226449358,38.25130977082699
14.374374374374375,-9.955487853731382,-1.4704559118222915,36.79306615038863
14.394394394394395,-8.270932677886927,-0.006320971411141654,35.008302541230435
14.414414414414415,-6.679475702191403,0.8953924444323828,33.119511574745154
14.434434434434435,-5.254869641782113,1.3753541823694733,31.26362691683384
14.454454454454455,-4.030279573350627,1.5700832256785742,29.504482817945497
14.474474474474475,-3.010393233960255,1.586876036133319,27.861820968407574
14.494494494494495,-2.182506920160302,1.5103161609540106,26.335120548389103
14.514514514514515,-1.5230845843621863,1.3946892277598943,24.91387251905306
14.534534534534535,-1.0052591383806255,1.2752896457531493,23.586190074039468
14.554554554554555,-0.6016398190722441,1.171839024488406,22.341110817262038
14.574574574574575,-0.2873063160280879,1.0950224070879797,21.16996834672866
14.594594594594595,-0.0410747197928417,1.0505024771964306,20.066067464208103
14.614614614614615,0.15551187745680267,1.0402983117581388,19.02413259318233
14.634634634634635,0.3178202135604294,1.0648986807168481,18.04003742019481
14.654654654654655,0.4584216589116309,1.1245779228695387,17.11051566612433
14.674674674674675,0.5876776638159085,1.220163710969588,16.232977114105957
14.694694694694695,0.7143298448288071,1.3534322547902433,15.4054202007063
14.714714714714715,0.8459477432875565,1.5275526690060026,14.626464462758898
14.734734734734735,0.9894838558373116,1.7472483444173048,13.89539427327724
14.754754754754755,1.151641397658017,2.0190716502737054,13.21233165484798
14.774774774774775,1.3392609537131925,2.351702600000705,12.578535653987439
14.794794794794795,1.5597445941894554,2.7561465379355043,11.996797766459698
14.814814814814815,1.821392956423683,3.246008465829788,11.472041083389453
14.834834834834835,2.1337392327867297,3.837781718948849,11.012219171057422
14.854854854854855,2.5078560475772895,4.5509660942831065,10.629549612217268
14.874874874874875,2.956618766002953,5.407962270219189,10.34228659125193
14.894894894894895,3.495229095348255,6.4333881194189075,10.179911520674136
14.914914914914915,4.140057111581277,7.652355684914591,10.179002684792598
14.934934934934935,4.908162785557154,9.08432241781746,10.393451963497776
14.954954954954955,5.817900087528081,10.743624230769175,10.897506478254398
14.974974974974975,6.883580675694908,12.621748507639566,11.782417465079197
14.994994994994995,8.11346741558917,14.673452664011734,13.170283238217499
15.015015015015015,9.497300977836192,16.78215071133499,15.19298358799878
15.035035035035035,11.004934002280825,18.765708377094118,17.963729548618968
15.055055055055055,12.56282308868081,20.318747093330355,21.5297637014223
15.075075075075075,14.048785617633355,21.059099333772227,25.79322859988372
15.095095095095095,15.292516537798242,20.607754617870086,30.432091181991165
15.115115115115115,16.101316953723657,18.749142447855913,34.898463174963226
15.135135135135135,16.301625491564025,15.551147265307426,38.54325431949454
15.155155155155155,15.798688352404204,11.485781894914552,40.8090879610761
15.175175175175175,14.621937234510364,7.242645693435978,41.48715883721474
15.195195195195195,12.921678665172534,3.4765818593478053,40.76969095273491
15.215215215215215,10.922650836282351,0.5652480187921761,39.11233115698695
15.235235235235235,8.844553289621773,-1.4257585718967605,36.989541269500094
15.255255255255255,6.857366615400251,-2.626507678344729,34.74962900478154
15.275275275275275,5.069248873415425,-3.2463937802340563,32.59551454197231
15.295295295295295,3.5314381329376454,-3.488426366739914,30.615561514735393
15.315315315315315,2.251104449864973,-3.516428174725979,28.82563229797383
15.335335335335335,1.2090009636213517,-3.445503541654526,27.210488404432972
15.355355355355355,0.37258396315128384,-3.3531749376765614,25.745287256866465
15.375375375375375,-0.2965794439131532,-3.285081706328672,24.406279136541983
15.395395395395395,-0.8362533180909163,-3.2686299688847917,23.175117994513478
15.415415415415415,-1.2809115475618016,-3.318539083324358,22.039403331408625
15.435435435435435,-1.6609294384508955,-3.4434916836735363,20.991216498650783
15.455455455455455,-2.0024662795909687,-3.6489884164841846,20.0265538064201
15.475475475475475,-2.327327430486169,-3.9392196443648664,19.145310125096547
15.495495495495495,-2.6541419104061177,-4.318887521797403,18.350320430262645
15.515515515515515,-2.999356832046797,-4.7942006982333885,17.647404628994494
15.535535535535535,-3.3778233214050317,-5.372765112033823,17.04613663898551
15.555555555555555,-3.8030321129132187,-6.063046773827634,16.560596895371383
15.575575575575575,-4.287428555340366,-6.873796294427696,16.21020125427789
15.595595595595595,-4.842815767823563,-7.812316955519519,16.02150856718288
15.615615615615615,-5.479621228475947,-8.880839745307256,16.029472692578857
15.635635635635635,-6.206316558039903,-10.074759903516,16.276709742090425
15.655655655655655,-7.027846614340503,-11.374940371777813,16.81482473095854
15.675675675675675,-7.94234368600806,-12.739322154240183,17.702220981240405
15.695695695695695,-8.938138386408616,-14.096000677268758,18.992312569045698
15.715715715715715,-9.990527203916589,-15.337646488007897,20.72558663364948
15.735735735735735,-11.055034804472125,-16.314792127805028,22.90273943014359
15.755755755755755,-12.067574057819352,-16.859056135251596,25.460090658665262
15.775775775775776,-12.944510477620481,-16.807467002686586,28.251105672239483
15.795795795795796,-13.587804783718573,-16.038101905282858,31.04675037912745
15.815815815815816,-13.905354738026633,-14.540124092471789,33.557972084091126
15.835835835835836,-13.833919474570823,-12.440090063425863,35.49121597431838
15.855855855855856,-13.356490919703223,-9.991370711906718,36.64188934561824
15.875875875875876,-12.510775816897102,-7.510510879793256,36.9475514538582
15.895895895895896,-11.387955305271717,-5.277308074438784,36.510711605255175
15.915915915915916,-10.101088720354234,-3.4548080258510137,35.52066414226149
15.935935935935936,-8.761000766920088,-2.100050142899904,34.17860842221498
15.955955955955956,-7.460468624517655,-1.1845706472091682,32.65681141315008
15.975975975975976,-6.265175643620123,-0.6331268137836482,31.077395229915535
15.995995995995996,-5.213905983518826,-0.3580803193248189,29.515017413615162
16.016016016016017,-4.322914655972933,-0.2775897674549923,28.008899899954592
16.036036036036037,-3.59197340983588,-0.3265840641311647,26.57525504920544
16.056056056056057,-3.0107560848113843,-0.45656795850714993,25.218340433826373
16.076076076076077,-2.563579222190582,-0.6353455977318012,23.936624048364283
16.096096096096097,-2.23296285159204,-0.8433391584707787,22.726551176739182
16.116116116116117,-2.0018808853632244,-1.0707820308194822,21.58434037048718
16.136136136136138,-1.8555088238962112,-1.3144756608004742,20.506856951001538
16.156156156156158,-1.7815548664885346,-1.575997021007234,19.49179806155034
16.176176176176178,-1.7705048133211667,-1.8603332026089572,18.537780445843403
16.196196196196198,-1.8157143189039964,-2.174888634538988,17.644430884261432
16.216216216216218,-1.9133094309614411,-2.529394810531424,16.812511998505023
16.236236236236238,-2.0620898450021543,-2.9347449830369436,16.044225933634678
16.256256256256258,-2.2632291564533484,-3.4036809508224772,15.343695603126081
16.276276276276278,-2.520147040779157,-3.9505019821203464,14.717335827416328
16.296296296296298,-2.838271367401872,-4.591270096236826,14.175312825041406
16.316316316316318,-3.2250963197423173,-5.34351758225752,13.731858253335218
16.336336336336338,-3.6900528406306163,-6.225585744701839,13.407939059170287
16.356356356356358,-4.244308410458951,-7.254971432548348,13.233716876606769
16.376376376376378,-4.899759797967918,-8.447250957078886,13.246864043678368
16.396396396396398,-5.667993676760624,-9.80794852962387,13.502392568396782
16.416416416416418,-6.559000350653981,-11.33318667444401,14.06317638379012
16.436436436436438,-7.576864207142336,-12.988260186118634,15.013181680189666
16.456456456456458,-8.717522467201887,-14.709097439732624,16.43645990570764
16.476476476476478,-9.9597819065169,-16.37187230838684,18.41630130678746
16.496496496496498,-11.256741835839925,-17.78683549929183,20.99733652858272
16.516516516516518,-12.530389323882837,-18.71070763820315,24.138909883890918
16.536536536536538,-13.674518763302975,-18.883017343720596,27.69292114885435
16.556556556556558,-14.554458570605748,-18.081775870844673,31.352433834945565
16.576576576576578,-15.037261794156617,-16.244750941082895,34.69833530722358
16.596596596596598,-15.018189858328029,-13.531043779224238,37.28703989011485
16.616616616616618,-14.459175587209273,-10.306356994808986,38.804788360410136
16.636636636636638,-13.403168879072137,-7.034548239010722,39.163292428439185
16.656656656656658,-11.968319912801546,-4.144960530705163,38.50393282251908
16.676676676676678,-10.325827082045288,-1.8759779601939157,37.148059786506856
16.696696696696698,-8.634238527576217,-0.2741715567150776,35.41141841619524
16.716716716716718,-7.014667870469645,0.7386026463372986,33.53068453111545
16.736736736736738,-5.549774496158299,1.298255507271382,31.66040900628044
16.756756756756758,-4.280247885487749,1.5432640451863506,29.876981917163704
16.776776776776778,-3.2167010525692223,1.5910878433867162,28.208703013582937
16.796796796796798,-2.3490128541857285,1.5295956946320703,26.65765640185445
16.816816816816818,-1.6553895183036653,1.4191059841275444,25.214628756639005
16.836836836836838,-1.1092577502559369,1.298511877541895,23.86770581440314
16.856856856856858,-0.6828722186927456,1.190241624577608,22.605481393106828
16.876876876876878,-0.3509853014404927,1.1067701002867778,21.41884191330471
16.896896896896898,-0.0917781498987993,1.0548008040464238,20.300779165010923
16.916916916916918,0.11404761143334217,1.0368087944493578,19.245707012936272
16.936936936936938,0.28248940031814507,1.0534468718580274,18.249288446542053
16.956956956956958,0.42665807031695036,1.1050317737124606,17.308072882533438
16.976976976976978,0.5574174570062619,1.1922063801236908,16.419311609434647
16.996996996996998,0.6837315690296609,1.3165246602130203,15.580896600672437
17.017017017017018,0.8129918349353394,1.4807737856643404,14.791419139853842
17.037037037037038,0.9529741902404766,1.6892308707396433,14.049800058092199
17.057057057057058,1.110161521714811,1.9479686608035243,13.356005723129801
17.077077077077078,1.2911486512442811,2.265335617795988,12.711041196259302
17.097097097097098,1.5031557059775669,2.651828885300913,12.117340853869566
17.117117117117118,1.7542385107568523,3.1202175421288807,11.579133216772098
17.137137137137138,2.053658380661101,3.6863585341893335,11.103596682702587
17.157157157157158,2.4121208214673375,4.369107030927648,10.701864814541617
17.177177177177178,2.8420814846969362,5.19023995948664,10.390737058330393
17.197197197197198,3.3578364888882546,6.173840463234457,10.194554049222402
17.217217217217218,3.9757093721945864,7.344879832567453,10.149791753693203
17.237237237237238,4.7135437332965475,8.725932121805652,10.309236867239639
17.25725725725726,5.588560265608384,10.333774535933284,10.733140316976895
17.27727727727728,6.617409319533505,12.165750512608653,11.51787881667128
17.2972972972973,7.80824957955144,14.180509919218894,12.77808652795442
17.31731731731732,9.16041918553409,16.298274760591063,14.640857191020979
17.33733733733734,10.646613937241225,18.33953828561926,17.231394744175642
17.35735735735736,12.203059866895837,20.02573733092475,20.617617694176392
17.37737737737738,13.71915909631659,20.99249883953371,24.73631927575822
17.3973973973974,15.037837408443359,20.854327033911336,29.331170394018272
17.41741741741742,15.966827783933725,19.322598959445973,33.90784850586997
17.43743743743744,16.32394156506867,16.40710153706187,37.81232945040564
17.45745745745746,15.989580573113452,12.485202148998281,40.441396348036996
17.47747747747748,14.961726746544064,8.21226470937933,41.49283824234717
17.4974974974975,13.35987652923814,4.27882270087505,41.05909068490853
17.51751751751752,11.404588952812253,1.1457735240398554,39.567914079510196
17.53753753753754,9.324647430935622,-1.0556645518940395,37.513498601018036
17.55755755755756,7.3015837826485885,-2.4229901206984157,35.27486872680095
17.57757757757758,5.460056470212355,-3.1590364602772123,33.09108282073843
17.5975975975976,3.861609942500559,-3.4747901226622577,31.06920810092338
17.61761761761762,2.5213543468475237,-3.543795702464326,29.2366724758868
17.63763763763764,1.4249455615609805,-3.4918617844258373,27.5831240881718
17.65765765765766,0.5415610923147038,-3.4028662829631027,26.08476261709458
17.67767767767768,-0.16676347137606803,-3.328180313579608,24.717366737803047
17.6976976976977,-0.7367948435322742,-3.2994253396005346,23.462312975257984
17.71771771771772,-1.2039563965650226,-3.334368659408591,22.305842153095078
17.73773773773774,-1.5995231793285831,-3.442950494503044,21.239158529279006
17.75775775775776,-1.9503762349601415,-3.631196999650111,20.257601174667982
17.77777777777778,-2.279538767282441,-3.9036946943836575,19.359923201167632
17.7977977977978,-2.6066953218867304,-4.265237011986987,18.54802467054651
17.81781781781782,-2.9488605212752375,-4.72164365838975,17.827136822260208
17.83783783783784,-3.321227990042691,-5.279988593465055,17.206003851515305
17.85785785785786,-3.7375668461865392,-5.948533261256247,16.697791555784182
17.87787787787788,-4.210670184264035,-6.735928615905925,16.32108590007464
17.8978978978979,-4.752483725526964,-7.649545565922659,16.101302203791434
17.91791791791792,-5.373829855166757,-8.693086632455184,16.07173850608004
17.93793793793794,-6.083472359561974,-9.862448409523704,16.2737844744394
17.95795795795796,-6.887121270031124,-11.142277302011248,16.756992357371285
17.97797797797798,-7.7842877593947435,-12.495185124138999,17.5782965817127
17.997997997998,-8.764703807783983,-13.85391521332826,18.791933064758112
18.01801801801802,-9.808393989953545,-15.12528975007842,20.442207886563107
18.03803803803804,-10.873402263398566,-16.16323387982472,22.53979530426128
18.05805805805806,-11.898844815828063,-16.80106555897207,25.034462046171335
18.07807807807808,-12.80335365767453,-16.862263928031236,27.798433201491296
18.0980980980981,-13.493108073411504,-16.2237148307767,30.610290649506666
18.11811811811812,-13.875597618864303,-14.845874142476083,33.19103328423269
18.13813813813814,-13.879253744182266,-12.8363602101498,35.236896247856365
18.15815815815816,-13.474634466147034,-10.418011481492709,36.53509349951381
18.17817817817818,-12.684065660966583,-7.9157189906674,36.97843531051782
18.1981981981982,-11.599042148535737,-5.617527385164282,36.65651273832146
18.21821821821822,-10.328434212894475,-3.7109771009375585,35.743047264038694
18.23823823823824,-8.989144034326989,-2.27098222853696,34.449274943611165
18.25825825825826,-7.672778625535585,-1.2791920753368888,32.94579173283537
18.27827827827828,-6.450965765138874,-0.6688685104182797,31.364897762448585
18.2982982982983,-5.367538840236868,-0.35365018939436943,29.789208661043354
18.31831831831832,-4.44507794994767,-0.2454884272550073,28.267782498850682
18.33833833833834,-3.684305190650339,-0.276353246126271,26.817986359791607
18.35835835835836,-3.0761947570286274,-0.3947375964924782,25.445488982886314
18.37837837837838,-2.605323179015331,-0.5657450850230029,24.149050726186278
18.3983983983984,-2.2538560899133366,-0.768147484073587,22.92498346800999
18.41841841841842,-2.0048111023813506,-0.9903800847230004,21.76945190451185
18.43843843843844,-1.8428024163839234,-1.228124348260954,20.679112244602173
18.45845845845846,-1.7548044451345397,-1.4822838613347342,19.651389873960717
18.47847847847848,-1.7306736883158256,-1.7573415460587205,18.68460658624888
18.4984984984985,-1.763285914920536,-2.0604300681662813,17.778067381773244
18.51851851851852,-1.848452710979663,-2.400197895013217,16.932156449393073
18.53853853853854,-1.9843507572609098,-2.78725483881174,16.148612415847406
18.55855855855856,-2.1712017636135363,-3.234152330629673,15.430820929532848
18.57857857857858,-2.4117326466694062,-3.7550362655619876,14.784511620356641
18.5985985985986,-2.71105396241533,-4.36546485422039,14.218456845885044
18.61861861861862,-3.076666311464722,-5.082329752786583,13.745505493233193
18.63863863863864,-3.51754987782102,-5.924042457690149,13.38433077604116
18.65865865865866,-4.044273846381428,-6.90939481330987,13.161102995769996
18.67867867867868,-4.668878369826054,-8.055030449925907,13.112055095145204
18.6986986986987,-5.40400045901117,-9.372043647647592,13.285680211609998
18.71871871871872,-6.260833063711638,-10.86013724237337,13.74520885772988
18.73873873873874,-7.246683163359745,-12.497983529041553,14.568951818485141
18.75875875875876,-8.360183051090242,-14.228410713443191,15.846186611124754
18.77877877877878,-9.585299974261938,-15.944650641978285,17.664949632909632
18.7987987987988,-10.883450300446903,-17.47615207948438,20.08537265089425
18.81881881881882,-12.18765859571662,-18.592693882238795,23.102607633568486
18.83883883883884,-13.397571188735634,-19.022966531189596,26.603259984547602
18.85885885885886,-14.382052028635485,-18.51967909565462,30.318462543621724
18.87887887887888,-15.001648203454087,-16.967703454343255,33.842510314573325
18.8988988988989,-15.136462322774973,-14.440610747126714,36.72560572778487
18.91891891891892,-14.724652248555445,-11.269989844294413,38.58726485865452
18.93893893893894,-13.78867105425307,-7.924341997727517,39.267979450661954
18.95895895895896,-12.433155948179456,-4.85950987521187,38.865083032514136
18.97897897897898,-10.81865127506657,-2.3820149921747635,37.661200088300305
18.998998998999,-9.11024600743493,-0.582339069067318,35.98608156476476
19.01901901901902,-7.444602846379165,0.5900812910737849,34.10959201511838
19.03903903903904,-5.916687788350825,1.263951972154138,32.211539052253535
19.05905905905906,-4.578723391245746,1.583112114723514,30.388455377755154
19.07907907907908,-3.448266083621586,1.6735354748771907,28.678941038903307
19.0990990990991,-2.5204482507748054,1.6333374722780716,27.090964411739034
19.11911911911912,-1.775523709287442,1.531253531410934,25.61660932377083
19.13913913913914,-1.1871620479521354,1.4133992112274731,24.24342186359394
19.15915915915916,-0.7264600948382841,1.3054398719207663,22.958372672765034
19.17917917917918,-0.3664166235080121,1.2209354728462152,21.751369377749466
19.1991991991992,-0.08389880257932915,1.167828667348441,20.61525706972968
19.21921921921922,0.14102946172998762,1.15027129401217,19.544220084660733
19.23923923923924,0.325413739554905,1.1699239428709554,18.53350931770018
19.25925925925926,0.4834807638927173,1.2274343981904379,17.579486212595988
19.27927927927928,0.6269701022524904,1.3235605934079937,16.679369286113477
19.2992992992993,0.7656720186236244,1.4599877486223969,15.83111245836496
19.31931931931932,0.907992582787709,1.6397823555329336,15.033357067857306
19.33933933933934,1.061517357924053,1.8677136699423433,14.285478604500856
19.35935935935936,1.2335251851598774,2.1504279626062575,13.587773886640631
19.37937937937938,1.4313290071145812,2.4966222833752223,12.941729414422388
19.3993993993994,1.6627617750208235,2.917455765075935,12.350545306065365
19.41941941941942,1.9365069773089663,3.4266898520494236,11.819786001752155
19.43943943943944,2.262608468806738,4.040982911212167,11.358201227032643
19.45945945945946,2.6524213561864562,4.779794465172014,10.979098133221493
19.47947947947948,3.1189939466878585,5.665252180435013,10.702194160855806
19.4994994994995,3.677159039280549,6.72114385794887,10.556289333360436
19.51951951951952,4.34316343248983,7.970285345072096,10.582361688847113
19.53953953953954,5.134525950929791,9.432460645832062,10.836752537379464
19.55955955955956,6.066854203283063,11.111579441124958,11.395758892509711
19.57957957957958,7.154729973897362,12.997592094808743,12.357277473721446
19.5995995995996,8.402112529115694,15.031845822567243,13.839136267026054
19.61961961961962,9.796883441896911,17.093190856032333,15.967595264057907
19.63963963963964,11.298951549078346,18.966854785544797,18.85278115959068
19.65965965965966,12.829119667969552,20.34727596012797,22.512955771180813
19.67967967967968,14.257861349573064,20.851328386013897,26.812131780356037
19.6996996996997,15.409854355731706,20.120747776508182,31.39188151341736
19.71971971971972,16.088881130828213,17.976088485877863,35.67063526614602
19.73973973973974,16.131261964283684,14.590062666805574,38.98642186701495
19.75975975975976,15.47221848214436,10.506830934521568,40.851760624876256
19.77977977977978,14.183923360208155,6.42676016906088,41.177746408970414
19.7997997997998,12.436317403260311,2.9149652343891606,40.24171299630634
19.81981981981982,10.445599371001492,0.2601085758747092,38.49143345361175
19.83983983983984,8.41855192784627,-1.516062181575231,36.366552148477616
19.85985985985986,6.508165495505456,-2.5649502413225043,34.17469447321935
19.87987987987988,4.806178202017223,-3.090997566014307,32.084724026912504
19.8998998998999,3.3513589138590674,-3.283729714409108,30.163527548344142
19.91991991991992,2.1448563665678577,-3.2905762033073143,28.420240434641638
19.93993993993994,1.1650768827179165,-3.2150495730922097,26.838975139153646
19.95995995995996,0.3790276387536107,-3.1237510229796808,25.397182846902254
19.97997997997998,-0.24963217735735133,-3.059168531572013,24.074028909701383
20.0,-0.7572208564889321,-3.0457410961702704,22.85306148055921
